[
  {
    "description": "",
    "elements": [
      {
        "description": "",
        "id": "adding-bookmarks;adding-two-bookmarks",
        "keyword": "Scenario",
        "line": 3,
        "name": "Adding two bookmarks",
        "steps": [
          {
            "arguments": [],
            "keyword": "Given ",
            "line": 4,
            "name": "I have an empty list of bookmarks",
            "match": {
              "location": "features/step_definitions/AddingBookmarksSetps.ts:6"
            },
            "result": {
              "status": "passed",
              "duration": 438832
            }
          },
          {
            "arguments": [],
            "keyword": "When ",
            "line": 5,
            "name": "I add a bookmark called 'Amazon' for 'www.amazon.co.uk'",
            "match": {
              "location": "features/step_definitions/AddingBookmarksSetps.ts:10"
            },
            "result": {
              "status": "passed",
              "duration": 184707
            }
          },
          {
            "arguments": [],
            "keyword": "And ",
            "line": 6,
            "name": "I add a bookmark called 'Reddit' for 'old.reddit.com'",
            "match": {
              "location": "features/step_definitions/AddingBookmarksSetps.ts:10"
            },
            "result": {
              "status": "passed",
              "duration": 80792
            }
          },
          {
            "arguments": [],
            "keyword": "Then ",
            "line": 7,
            "name": "my bookmark list contains an entry for 'Amazon' with url 'https://www.amazon.co.uk'",
            "match": {
              "location": "features/step_definitions/CheckingBookmarkSteps.ts:10"
            },
            "result": {
              "status": "passed",
              "duration": 291083
            }
          },
          {
            "arguments": [],
            "keyword": "And ",
            "line": 8,
            "name": "my bookmark list contains an entry for 'Reddit' with url 'https://old.reddit.com'",
            "match": {
              "location": "features/step_definitions/CheckingBookmarkSteps.ts:10"
            },
            "result": {
              "status": "passed",
              "duration": 44042
            }
          }
        ],
        "tags": [],
        "type": "scenario"
      }
    ],
    "id": "adding-bookmarks",
    "line": 1,
    "keyword": "Feature",
    "name": "Adding bookmarks",
    "tags": [],
    "uri": "features/AddBookmarks.feature"
  },
  {
    "description": "",
    "elements": [
      {
        "description": "",
        "id": "editing-bookmarks;delete-bookmark",
        "keyword": "Scenario",
        "line": 3,
        "name": "Delete bookmark",
        "steps": [
          {
            "arguments": [],
            "keyword": "Given ",
            "line": 4,
            "name": "I have an empty list of bookmarks",
            "match": {
              "location": "features/step_definitions/AddingBookmarksSetps.ts:6"
            },
            "result": {
              "status": "passed",
              "duration": 23834
            }
          },
          {
            "arguments": [],
            "keyword": "And ",
            "line": 5,
            "name": "I add a bookmark called 'Reddit' for 'www.reddit.com' with shortcut 'i'",
            "match": {
              "location": "features/step_definitions/AddingBookmarksSetps.ts:14"
            },
            "result": {
              "status": "passed",
              "duration": 66166
            }
          },
          {
            "arguments": [],
            "keyword": "And ",
            "line": 6,
            "name": "I add a bookmark called 'Amazon' for 'www.amazon.co.uk' with shortcut 'a'",
            "match": {
              "location": "features/step_definitions/AddingBookmarksSetps.ts:14"
            },
            "result": {
              "status": "passed",
              "duration": 126041
            }
          },
          {
            "arguments": [],
            "keyword": "When ",
            "line": 7,
            "name": "I delete this bookmark",
            "match": {
              "location": "features/step_definitions/AddingBookmarksSetps.ts:27"
            },
            "result": {
              "status": "passed",
              "duration": 43500
            }
          },
          {
            "arguments": [],
            "keyword": "Then ",
            "line": 8,
            "name": "my bookmark list contains an entry for 'Reddit' with url 'https://www.reddit.com'",
            "match": {
              "location": "features/step_definitions/CheckingBookmarkSteps.ts:10"
            },
            "result": {
              "status": "passed",
              "duration": 101041
            }
          },
          {
            "arguments": [],
            "keyword": "And ",
            "line": 9,
            "name": "my bookmark list does not contain an entry for 'Amazon'",
            "match": {
              "location": "features/step_definitions/CheckingBookmarkSteps.ts:30"
            },
            "result": {
              "status": "passed",
              "duration": 302666
            }
          }
        ],
        "tags": [],
        "type": "scenario"
      }
    ],
    "id": "editing-bookmarks",
    "line": 1,
    "keyword": "Feature",
    "name": "Editing bookmarks",
    "tags": [],
    "uri": "features/DeleteBookmark.feature"
  },
  {
    "description": "",
    "elements": [
      {
        "description": "",
        "id": "editing-bookmarks;editing-bookmark-name-/-url",
        "keyword": "Scenario",
        "line": 3,
        "name": "Editing bookmark name / url",
        "steps": [
          {
            "arguments": [],
            "keyword": "Given ",
            "line": 4,
            "name": "I have an empty list of bookmarks",
            "match": {
              "location": "features/step_definitions/AddingBookmarksSetps.ts:6"
            },
            "result": {
              "status": "passed",
              "duration": 28417
            }
          },
          {
            "arguments": [],
            "keyword": "And ",
            "line": 5,
            "name": "I add a bookmark called 'Amazon' for 'www.amazon.co.uk' with shortcut 'a'",
            "match": {
              "location": "features/step_definitions/AddingBookmarksSetps.ts:14"
            },
            "result": {
              "status": "passed",
              "duration": 48334
            }
          },
          {
            "arguments": [],
            "keyword": "When ",
            "line": 6,
            "name": "I edit this to be 'Reddit' for url 'old.reddit.com' with shortcut 'i'",
            "match": {
              "location": "features/step_definitions/AddingBookmarksSetps.ts:20"
            },
            "result": {
              "status": "passed",
              "duration": 64415
            }
          },
          {
            "arguments": [],
            "keyword": "Then ",
            "line": 7,
            "name": "my bookmark list contains an entry for 'Reddit' with url 'https://old.reddit.com'",
            "match": {
              "location": "features/step_definitions/CheckingBookmarkSteps.ts:10"
            },
            "result": {
              "status": "passed",
              "duration": 34791
            }
          },
          {
            "arguments": [],
            "keyword": "And ",
            "line": 8,
            "name": "my bookmark list does not contain an entry for 'Amazon'",
            "match": {
              "location": "features/step_definitions/CheckingBookmarkSteps.ts:30"
            },
            "result": {
              "status": "passed",
              "duration": 28082
            }
          }
        ],
        "tags": [],
        "type": "scenario"
      }
    ],
    "id": "editing-bookmarks",
    "line": 1,
    "keyword": "Feature",
    "name": "Editing bookmarks",
    "tags": [],
    "uri": "features/EditBookmarks.feature"
  },
  {
    "description": "",
    "elements": [
      {
        "description": "",
        "id": "bookmark-favicons;bookmarks-should-include-the-favicon",
        "keyword": "Scenario",
        "line": 3,
        "name": "Bookmarks should include the favicon",
        "steps": [
          {
            "arguments": [],
            "keyword": "Given ",
            "line": 4,
            "name": "I have an empty list of bookmarks",
            "match": {
              "location": "features/step_definitions/AddingBookmarksSetps.ts:6"
            },
            "result": {
              "status": "passed",
              "duration": 19834
            }
          },
          {
            "arguments": [],
            "keyword": "And ",
            "line": 5,
            "name": "I add a bookmark called 'Amazon' for 'https://www.amazon.co.uk'",
            "match": {
              "location": "features/step_definitions/AddingBookmarksSetps.ts:10"
            },
            "result": {
              "status": "passed",
              "duration": 37374
            }
          },
          {
            "arguments": [],
            "keyword": "And ",
            "line": 6,
            "name": "I add a bookmark called 'Reddit' for 'https://old.reddit.com'",
            "match": {
              "location": "features/step_definitions/AddingBookmarksSetps.ts:10"
            },
            "result": {
              "status": "passed",
              "duration": 31959
            }
          },
          {
            "arguments": [],
            "keyword": "When ",
            "line": 7,
            "name": "I view bookmarks alphabetically by name",
            "match": {
              "location": "features/step_definitions/CheckingBookmarkSteps.ts:6"
            },
            "result": {
              "status": "passed",
              "duration": 23750
            }
          },
          {
            "arguments": [],
            "keyword": "Then ",
            "line": 8,
            "name": "the favicon for 'Amazon' is 'https://www.amazon.co.uk/favicon.ico'",
            "match": {
              "location": "features/step_definitions/CheckingBookmarkSteps.ts:22"
            },
            "result": {
              "status": "passed",
              "duration": 52750
            }
          },
          {
            "arguments": [],
            "keyword": "And ",
            "line": 9,
            "name": "the favicon for 'Reddit' is 'https://old.reddit.com/favicon.ico'",
            "match": {
              "location": "features/step_definitions/CheckingBookmarkSteps.ts:22"
            },
            "result": {
              "status": "passed",
              "duration": 24666
            }
          }
        ],
        "tags": [],
        "type": "scenario"
      },
      {
        "description": "",
        "id": "bookmark-favicons;bookmarks-should-include-the-favicon-even-if-the-bookmark-url-doesn't-point-at-the-root-of-the-webpage",
        "keyword": "Scenario",
        "line": 11,
        "name": "Bookmarks should include the favicon even if the bookmark URL doesn't point at the root of the webpage",
        "steps": [
          {
            "arguments": [],
            "keyword": "Given ",
            "line": 12,
            "name": "I have an empty list of bookmarks",
            "match": {
              "location": "features/step_definitions/AddingBookmarksSetps.ts:6"
            },
            "result": {
              "status": "passed",
              "duration": 14124
            }
          },
          {
            "arguments": [],
            "keyword": "And ",
            "line": 13,
            "name": "I add a bookmark called 'BBC Football' for 'https://www.bbc.co.uk/sport/football'",
            "match": {
              "location": "features/step_definitions/AddingBookmarksSetps.ts:10"
            },
            "result": {
              "status": "passed",
              "duration": 96124
            }
          },
          {
            "arguments": [],
            "keyword": "When ",
            "line": 14,
            "name": "I view bookmarks alphabetically by name",
            "match": {
              "location": "features/step_definitions/CheckingBookmarkSteps.ts:6"
            },
            "result": {
              "status": "passed",
              "duration": 16375
            }
          },
          {
            "arguments": [],
            "keyword": "Then ",
            "line": 15,
            "name": "the favicon for 'BBC Football' is 'https://www.bbc.co.uk/favicon.ico'",
            "match": {
              "location": "features/step_definitions/CheckingBookmarkSteps.ts:22"
            },
            "result": {
              "status": "passed",
              "duration": 28374
            }
          }
        ],
        "tags": [],
        "type": "scenario"
      },
      {
        "description": "",
        "id": "bookmark-favicons;bookmarks-without-https-should-still-work",
        "keyword": "Scenario",
        "line": 17,
        "name": "Bookmarks without https should still work",
        "steps": [
          {
            "arguments": [],
            "keyword": "Given ",
            "line": 18,
            "name": "I have an empty list of bookmarks",
            "match": {
              "location": "features/step_definitions/AddingBookmarksSetps.ts:6"
            },
            "result": {
              "status": "passed",
              "duration": 13999
            }
          },
          {
            "arguments": [],
            "keyword": "And ",
            "line": 19,
            "name": "I add a bookmark called 'BBC Football' for 'www.bbc.co.uk/sport/football'",
            "match": {
              "location": "features/step_definitions/AddingBookmarksSetps.ts:10"
            },
            "result": {
              "status": "passed",
              "duration": 31291
            }
          },
          {
            "arguments": [],
            "keyword": "When ",
            "line": 20,
            "name": "I view bookmarks alphabetically by name",
            "match": {
              "location": "features/step_definitions/CheckingBookmarkSteps.ts:6"
            },
            "result": {
              "status": "passed",
              "duration": 13499
            }
          },
          {
            "arguments": [],
            "keyword": "Then ",
            "line": 21,
            "name": "the favicon for 'BBC Football' is 'https://www.bbc.co.uk/favicon.ico'",
            "match": {
              "location": "features/step_definitions/CheckingBookmarkSteps.ts:22"
            },
            "result": {
              "status": "passed",
              "duration": 25833
            }
          }
        ],
        "tags": [],
        "type": "scenario"
      },
      {
        "description": "",
        "id": "bookmark-favicons;invalid-url---should-return-no-image-(blank-string)",
        "keyword": "Scenario",
        "line": 23,
        "name": "Invalid URL - should return no image (blank string)",
        "steps": [
          {
            "arguments": [],
            "keyword": "Given ",
            "line": 24,
            "name": "I have an empty list of bookmarks",
            "match": {
              "location": "features/step_definitions/AddingBookmarksSetps.ts:6"
            },
            "result": {
              "status": "passed",
              "duration": 14040
            }
          },
          {
            "arguments": [],
            "keyword": "And ",
            "line": 25,
            "name": "I add a bookmark called 'BBC Football' for ''",
            "match": {
              "location": "features/step_definitions/AddingBookmarksSetps.ts:10"
            },
            "result": {
              "status": "passed",
              "duration": 85749
            }
          },
          {
            "arguments": [],
            "keyword": "When ",
            "line": 26,
            "name": "I view bookmarks alphabetically by name",
            "match": {
              "location": "features/step_definitions/CheckingBookmarkSteps.ts:6"
            },
            "result": {
              "status": "passed",
              "duration": 121333
            }
          },
          {
            "arguments": [],
            "keyword": "Then ",
            "line": 27,
            "name": "the favicon for 'BBC Football' is ''",
            "match": {
              "location": "features/step_definitions/CheckingBookmarkSteps.ts:22"
            },
            "result": {
              "status": "passed",
              "duration": 28792
            }
          }
        ],
        "tags": [],
        "type": "scenario"
      }
    ],
    "id": "bookmark-favicons",
    "line": 1,
    "keyword": "Feature",
    "name": "Bookmark favicons",
    "tags": [],
    "uri": "features/Favicons.feature"
  },
  {
    "description": "",
    "elements": [
      {
        "description": "",
        "id": "adding-bookmarks;bookmarks,-alphabetically-by-name",
        "keyword": "Scenario",
        "line": 3,
        "name": "Bookmarks, alphabetically by name",
        "steps": [
          {
            "arguments": [],
            "keyword": "Given ",
            "line": 4,
            "name": "I have an empty list of bookmarks",
            "match": {
              "location": "features/step_definitions/AddingBookmarksSetps.ts:6"
            },
            "result": {
              "status": "passed",
              "duration": 13583
            }
          },
          {
            "arguments": [],
            "keyword": "And ",
            "line": 5,
            "name": "I add a bookmark called 'Amazon' for 'www.amazon.co.uk'",
            "match": {
              "location": "features/step_definitions/AddingBookmarksSetps.ts:10"
            },
            "result": {
              "status": "passed",
              "duration": 31292
            }
          },
          {
            "arguments": [],
            "keyword": "And ",
            "line": 6,
            "name": "I add a bookmark called 'Reddit' for 'old.reddit.com'",
            "match": {
              "location": "features/step_definitions/AddingBookmarksSetps.ts:10"
            },
            "result": {
              "status": "passed",
              "duration": 27457
            }
          },
          {
            "arguments": [],
            "keyword": "When ",
            "line": 7,
            "name": "I view bookmarks alphabetically by name",
            "match": {
              "location": "features/step_definitions/CheckingBookmarkSteps.ts:6"
            },
            "result": {
              "status": "passed",
              "duration": 12500
            }
          },
          {
            "arguments": [],
            "keyword": "Then ",
            "line": 8,
            "name": "bookmark 1 is for 'Amazon' with url 'https://www.amazon.co.uk'",
            "match": {
              "location": "features/step_definitions/CheckingBookmarkSteps.ts:17"
            },
            "result": {
              "status": "passed",
              "duration": 61583
            }
          },
          {
            "arguments": [],
            "keyword": "Then ",
            "line": 9,
            "name": "bookmark 2 is for 'Reddit' with url 'https://old.reddit.com'",
            "match": {
              "location": "features/step_definitions/CheckingBookmarkSteps.ts:17"
            },
            "result": {
              "status": "passed",
              "duration": 22834
            }
          }
        ],
        "tags": [],
        "type": "scenario"
      }
    ],
    "id": "adding-bookmarks",
    "line": 1,
    "keyword": "Feature",
    "name": "Adding bookmarks",
    "tags": [],
    "uri": "features/GetBookmarks.feature"
  },
  {
    "description": "",
    "elements": [
      {
        "description": "",
        "id": "keyboard-shortcuts;pressing-a-keyboard-shortcut-that's-defined",
        "keyword": "Scenario",
        "line": 3,
        "name": "Pressing a keyboard shortcut that's defined",
        "steps": [
          {
            "arguments": [],
            "keyword": "Given ",
            "line": 4,
            "name": "I have an empty list of bookmarks",
            "match": {
              "location": "features/step_definitions/AddingBookmarksSetps.ts:6"
            },
            "result": {
              "status": "passed",
              "duration": 15458
            }
          },
          {
            "arguments": [],
            "keyword": "And ",
            "line": 5,
            "name": "I add a bookmark called 'Amazon' for 'www.amazon.co.uk' with shortcut 'a'",
            "match": {
              "location": "features/step_definitions/AddingBookmarksSetps.ts:14"
            },
            "result": {
              "status": "passed",
              "duration": 31500
            }
          },
          {
            "arguments": [],
            "keyword": "And ",
            "line": 6,
            "name": "I add a bookmark called 'Reddit' for 'old.reddit.com' with shortcut 'i'",
            "match": {
              "location": "features/step_definitions/AddingBookmarksSetps.ts:14"
            },
            "result": {
              "status": "passed",
              "duration": 29458
            }
          },
          {
            "arguments": [],
            "keyword": "When ",
            "line": 7,
            "name": "the extension is open and I press 'a'",
            "match": {
              "location": "features/step_definitions/KeyboardShortcuts.ts:8"
            },
            "result": {
              "status": "passed",
              "duration": 46291
            }
          },
          {
            "arguments": [],
            "keyword": "Then ",
            "line": 8,
            "name": "the URL is 'https://www.amazon.co.uk'",
            "match": {
              "location": "features/step_definitions/KeyboardShortcuts.ts:12"
            },
            "result": {
              "status": "passed",
              "duration": 29125
            }
          }
        ],
        "tags": [],
        "type": "scenario"
      },
      {
        "description": "",
        "id": "keyboard-shortcuts;pressing-a-keyboard-shortcut-is-case-insensitive-if-there-are-no-conflicts,-and-case-sensitive-if-so",
        "keyword": "Scenario Outline",
        "line": 19,
        "name": "Pressing a keyboard shortcut is case insensitive if there are no conflicts, and case sensitive if so",
        "steps": [
          {
            "arguments": [],
            "keyword": "Given ",
            "line": 11,
            "name": "I have an empty list of bookmarks",
            "match": {
              "location": "features/step_definitions/AddingBookmarksSetps.ts:6"
            },
            "result": {
              "status": "passed",
              "duration": 14457
            }
          },
          {
            "arguments": [],
            "keyword": "And ",
            "line": 12,
            "name": "I add a bookmark called 'Amazon' for 'www.amazon.co.uk' with shortcut 'a'",
            "match": {
              "location": "features/step_definitions/AddingBookmarksSetps.ts:14"
            },
            "result": {
              "status": "passed",
              "duration": 29999
            }
          },
          {
            "arguments": [],
            "keyword": "And ",
            "line": 13,
            "name": "I add a bookmark called 'Apple' for 'www.apple.com' with shortcut 'p'",
            "match": {
              "location": "features/step_definitions/AddingBookmarksSetps.ts:14"
            },
            "result": {
              "status": "passed",
              "duration": 29167
            }
          },
          {
            "arguments": [],
            "keyword": "When ",
            "line": 14,
            "name": "the extension is open and I press 'a'",
            "match": {
              "location": "features/step_definitions/KeyboardShortcuts.ts:8"
            },
            "result": {
              "status": "passed",
              "duration": 17875
            }
          },
          {
            "arguments": [],
            "keyword": "Then ",
            "line": 15,
            "name": "the URL is 'https://www.amazon.co.uk'",
            "match": {
              "location": "features/step_definitions/KeyboardShortcuts.ts:12"
            },
            "result": {
              "status": "passed",
              "duration": 17791
            }
          }
        ],
        "tags": [],
        "type": "scenario"
      },
      {
        "description": "",
        "id": "keyboard-shortcuts;pressing-a-keyboard-shortcut-is-case-insensitive-if-there-are-no-conflicts,-and-case-sensitive-if-so",
        "keyword": "Scenario Outline",
        "line": 20,
        "name": "Pressing a keyboard shortcut is case insensitive if there are no conflicts, and case sensitive if so",
        "steps": [
          {
            "arguments": [],
            "keyword": "Given ",
            "line": 11,
            "name": "I have an empty list of bookmarks",
            "match": {
              "location": "features/step_definitions/AddingBookmarksSetps.ts:6"
            },
            "result": {
              "status": "passed",
              "duration": 13207
            }
          },
          {
            "arguments": [],
            "keyword": "And ",
            "line": 12,
            "name": "I add a bookmark called 'Amazon' for 'www.amazon.co.uk' with shortcut 'a'",
            "match": {
              "location": "features/step_definitions/AddingBookmarksSetps.ts:14"
            },
            "result": {
              "status": "passed",
              "duration": 29083
            }
          },
          {
            "arguments": [],
            "keyword": "And ",
            "line": 13,
            "name": "I add a bookmark called 'Apple' for 'www.apple.com' with shortcut 'p'",
            "match": {
              "location": "features/step_definitions/AddingBookmarksSetps.ts:14"
            },
            "result": {
              "status": "passed",
              "duration": 29124
            }
          },
          {
            "arguments": [],
            "keyword": "When ",
            "line": 14,
            "name": "the extension is open and I press 'A'",
            "match": {
              "location": "features/step_definitions/KeyboardShortcuts.ts:8"
            },
            "result": {
              "status": "passed",
              "duration": 32707
            }
          },
          {
            "arguments": [],
            "keyword": "Then ",
            "line": 15,
            "name": "the URL is 'https://www.amazon.co.uk'",
            "match": {
              "location": "features/step_definitions/KeyboardShortcuts.ts:12"
            },
            "result": {
              "status": "passed",
              "duration": 61750
            }
          }
        ],
        "tags": [],
        "type": "scenario"
      },
      {
        "description": "",
        "id": "keyboard-shortcuts;pressing-a-keyboard-shortcut-is-case-insensitive-if-there-are-no-conflicts,-and-case-sensitive-if-so",
        "keyword": "Scenario Outline",
        "line": 21,
        "name": "Pressing a keyboard shortcut is case insensitive if there are no conflicts, and case sensitive if so",
        "steps": [
          {
            "arguments": [],
            "keyword": "Given ",
            "line": 11,
            "name": "I have an empty list of bookmarks",
            "match": {
              "location": "features/step_definitions/AddingBookmarksSetps.ts:6"
            },
            "result": {
              "status": "passed",
              "duration": 14582
            }
          },
          {
            "arguments": [],
            "keyword": "And ",
            "line": 12,
            "name": "I add a bookmark called 'Amazon' for 'www.amazon.co.uk' with shortcut 'a'",
            "match": {
              "location": "features/step_definitions/AddingBookmarksSetps.ts:14"
            },
            "result": {
              "status": "passed",
              "duration": 49290
            }
          },
          {
            "arguments": [],
            "keyword": "And ",
            "line": 13,
            "name": "I add a bookmark called 'Apple' for 'www.apple.com' with shortcut 'A'",
            "match": {
              "location": "features/step_definitions/AddingBookmarksSetps.ts:14"
            },
            "result": {
              "status": "passed",
              "duration": 34875
            }
          },
          {
            "arguments": [],
            "keyword": "When ",
            "line": 14,
            "name": "the extension is open and I press 'a'",
            "match": {
              "location": "features/step_definitions/KeyboardShortcuts.ts:8"
            },
            "result": {
              "status": "passed",
              "duration": 20250
            }
          },
          {
            "arguments": [],
            "keyword": "Then ",
            "line": 15,
            "name": "the URL is 'https://www.amazon.co.uk'",
            "match": {
              "location": "features/step_definitions/KeyboardShortcuts.ts:12"
            },
            "result": {
              "status": "passed",
              "duration": 24625
            }
          }
        ],
        "tags": [],
        "type": "scenario"
      },
      {
        "description": "",
        "id": "keyboard-shortcuts;pressing-a-keyboard-shortcut-is-case-insensitive-if-there-are-no-conflicts,-and-case-sensitive-if-so",
        "keyword": "Scenario Outline",
        "line": 22,
        "name": "Pressing a keyboard shortcut is case insensitive if there are no conflicts, and case sensitive if so",
        "steps": [
          {
            "arguments": [],
            "keyword": "Given ",
            "line": 11,
            "name": "I have an empty list of bookmarks",
            "match": {
              "location": "features/step_definitions/AddingBookmarksSetps.ts:6"
            },
            "result": {
              "status": "passed",
              "duration": 13916
            }
          },
          {
            "arguments": [],
            "keyword": "And ",
            "line": 12,
            "name": "I add a bookmark called 'Amazon' for 'www.amazon.co.uk' with shortcut 'a'",
            "match": {
              "location": "features/step_definitions/AddingBookmarksSetps.ts:14"
            },
            "result": {
              "status": "passed",
              "duration": 31124
            }
          },
          {
            "arguments": [],
            "keyword": "And ",
            "line": 13,
            "name": "I add a bookmark called 'Apple' for 'www.apple.com' with shortcut 'A'",
            "match": {
              "location": "features/step_definitions/AddingBookmarksSetps.ts:14"
            },
            "result": {
              "status": "passed",
              "duration": 30333
            }
          },
          {
            "arguments": [],
            "keyword": "When ",
            "line": 14,
            "name": "the extension is open and I press 'A'",
            "match": {
              "location": "features/step_definitions/KeyboardShortcuts.ts:8"
            },
            "result": {
              "status": "passed",
              "duration": 17834
            }
          },
          {
            "arguments": [],
            "keyword": "Then ",
            "line": 15,
            "name": "the URL is 'https://www.apple.com'",
            "match": {
              "location": "features/step_definitions/KeyboardShortcuts.ts:12"
            },
            "result": {
              "status": "passed",
              "duration": 17708
            }
          }
        ],
        "tags": [],
        "type": "scenario"
      }
    ],
    "id": "keyboard-shortcuts",
    "line": 1,
    "keyword": "Feature",
    "name": "Keyboard Shortcuts",
    "tags": [],
    "uri": "features/KeyboardShortcut.feature"
  },
  {
    "description": "",
    "elements": [
      {
        "description": "",
        "id": "editing-bookmarks;editing-bookmark-to-have-its-own-existing-shortcut",
        "keyword": "Scenario",
        "line": 3,
        "name": "Editing bookmark to have its own existing shortcut",
        "steps": [
          {
            "arguments": [],
            "keyword": "Given ",
            "line": 4,
            "name": "I have an empty list of bookmarks",
            "match": {
              "location": "features/step_definitions/AddingBookmarksSetps.ts:6"
            },
            "result": {
              "status": "passed",
              "duration": 12958
            }
          },
          {
            "arguments": [],
            "keyword": "And ",
            "line": 5,
            "name": "I add a bookmark called 'Amazon' for 'www.amazon.co.uk' with shortcut 'a'",
            "match": {
              "location": "features/step_definitions/AddingBookmarksSetps.ts:14"
            },
            "result": {
              "status": "passed",
              "duration": 29416
            }
          },
          {
            "arguments": [],
            "keyword": "And ",
            "line": 6,
            "name": "I add a bookmark called 'Reddit' for 'www.reddit.com' with shortcut 'i'",
            "match": {
              "location": "features/step_definitions/AddingBookmarksSetps.ts:14"
            },
            "result": {
              "status": "passed",
              "duration": 29417
            }
          },
          {
            "arguments": [],
            "keyword": "When ",
            "line": 7,
            "name": "I validate amending this to be 'Reddit' for url 'old.reddit.com' with shortcut 'i'",
            "match": {
              "location": "features/step_definitions/AddingBookmarksSetps.ts:33"
            },
            "result": {
              "status": "passed",
              "duration": 79625
            }
          },
          {
            "arguments": [],
            "keyword": "Then ",
            "line": 8,
            "name": "this is valid",
            "match": {
              "location": "features/step_definitions/CheckingBookmarkSteps.ts:40"
            },
            "result": {
              "status": "passed",
              "duration": 24209
            }
          }
        ],
        "tags": [],
        "type": "scenario"
      },
      {
        "description": "",
        "id": "editing-bookmarks;editing-bookmark-to-have-a-new-unused-shortcut",
        "keyword": "Scenario",
        "line": 10,
        "name": "Editing bookmark to have a new unused shortcut",
        "steps": [
          {
            "arguments": [],
            "keyword": "Given ",
            "line": 11,
            "name": "I have an empty list of bookmarks",
            "match": {
              "location": "features/step_definitions/AddingBookmarksSetps.ts:6"
            },
            "result": {
              "status": "passed",
              "duration": 12792
            }
          },
          {
            "arguments": [],
            "keyword": "And ",
            "line": 12,
            "name": "I add a bookmark called 'Amazon' for 'www.amazon.co.uk' with shortcut 'a'",
            "match": {
              "location": "features/step_definitions/AddingBookmarksSetps.ts:14"
            },
            "result": {
              "status": "passed",
              "duration": 28540
            }
          },
          {
            "arguments": [],
            "keyword": "And ",
            "line": 13,
            "name": "I add a bookmark called 'Reddit' for 'www.reddit.com' with shortcut 'i'",
            "match": {
              "location": "features/step_definitions/AddingBookmarksSetps.ts:14"
            },
            "result": {
              "status": "passed",
              "duration": 154291
            }
          },
          {
            "arguments": [],
            "keyword": "When ",
            "line": 14,
            "name": "I validate amending this to be 'Reddit' for url 'old.reddit.com' with shortcut 'b'",
            "match": {
              "location": "features/step_definitions/AddingBookmarksSetps.ts:33"
            },
            "result": {
              "status": "passed",
              "duration": 53250
            }
          },
          {
            "arguments": [],
            "keyword": "Then ",
            "line": 15,
            "name": "this is valid",
            "match": {
              "location": "features/step_definitions/CheckingBookmarkSteps.ts:40"
            },
            "result": {
              "status": "passed",
              "duration": 72375
            }
          }
        ],
        "tags": [],
        "type": "scenario"
      },
      {
        "description": "",
        "id": "editing-bookmarks;editing-bookmark-to-have-a-conflicting-shortcut",
        "keyword": "Scenario",
        "line": 17,
        "name": "Editing bookmark to have a conflicting shortcut",
        "steps": [
          {
            "arguments": [],
            "keyword": "Given ",
            "line": 18,
            "name": "I have an empty list of bookmarks",
            "match": {
              "location": "features/step_definitions/AddingBookmarksSetps.ts:6"
            },
            "result": {
              "status": "passed",
              "duration": 18958
            }
          },
          {
            "arguments": [],
            "keyword": "And ",
            "line": 19,
            "name": "I add a bookmark called 'Amazon' for 'www.amazon.co.uk' with shortcut 'a'",
            "match": {
              "location": "features/step_definitions/AddingBookmarksSetps.ts:14"
            },
            "result": {
              "status": "passed",
              "duration": 45332
            }
          },
          {
            "arguments": [],
            "keyword": "And ",
            "line": 20,
            "name": "I add a bookmark called 'Reddit' for 'www.reddit.com' with shortcut 'i'",
            "match": {
              "location": "features/step_definitions/AddingBookmarksSetps.ts:14"
            },
            "result": {
              "status": "passed",
              "duration": 30582
            }
          },
          {
            "arguments": [],
            "keyword": "When ",
            "line": 21,
            "name": "I validate amending this to be 'Reddit' for url 'old.reddit.com' with shortcut 'a'",
            "match": {
              "location": "features/step_definitions/AddingBookmarksSetps.ts:33"
            },
            "result": {
              "status": "passed",
              "duration": 48415
            }
          },
          {
            "arguments": [],
            "keyword": "Then ",
            "line": 22,
            "name": "this states \"Shortcut 'a' already in use for Amazon\"",
            "match": {
              "location": "features/step_definitions/CheckingBookmarkSteps.ts:36"
            },
            "result": {
              "status": "passed",
              "duration": 39041
            }
          }
        ],
        "tags": [],
        "type": "scenario"
      },
      {
        "description": "",
        "id": "editing-bookmarks;adding-bookmark-with-new-unused-shortcut",
        "keyword": "Scenario",
        "line": 24,
        "name": "Adding bookmark with new unused shortcut",
        "steps": [
          {
            "arguments": [],
            "keyword": "Given ",
            "line": 25,
            "name": "I have an empty list of bookmarks",
            "match": {
              "location": "features/step_definitions/AddingBookmarksSetps.ts:6"
            },
            "result": {
              "status": "passed",
              "duration": 23334
            }
          },
          {
            "arguments": [],
            "keyword": "And ",
            "line": 26,
            "name": "I add a bookmark called 'Amazon' for 'www.amazon.co.uk' with shortcut 'a'",
            "match": {
              "location": "features/step_definitions/AddingBookmarksSetps.ts:14"
            },
            "result": {
              "status": "passed",
              "duration": 26124
            }
          },
          {
            "arguments": [],
            "keyword": "And ",
            "line": 27,
            "name": "I add a bookmark called 'Reddit' for 'www.reddit.com' with shortcut 'i'",
            "match": {
              "location": "features/step_definitions/AddingBookmarksSetps.ts:14"
            },
            "result": {
              "status": "passed",
              "duration": 65542
            }
          },
          {
            "arguments": [],
            "keyword": "When ",
            "line": 28,
            "name": "I validate amending this to be 'BBC Footballl' for url 'www.bbc.com' with shortcut 'b'",
            "match": {
              "location": "features/step_definitions/AddingBookmarksSetps.ts:33"
            },
            "result": {
              "status": "passed",
              "duration": 41749
            }
          },
          {
            "arguments": [],
            "keyword": "Then ",
            "line": 29,
            "name": "this is valid",
            "match": {
              "location": "features/step_definitions/CheckingBookmarkSteps.ts:40"
            },
            "result": {
              "status": "passed",
              "duration": 13375
            }
          }
        ],
        "tags": [],
        "type": "scenario"
      },
      {
        "description": "",
        "id": "editing-bookmarks;adding-bookmark-with-same-letter-in-a-different-case",
        "keyword": "Scenario",
        "line": 31,
        "name": "Adding bookmark with same letter in a different case",
        "steps": [
          {
            "arguments": [],
            "keyword": "Given ",
            "line": 32,
            "name": "I have an empty list of bookmarks",
            "match": {
              "location": "features/step_definitions/AddingBookmarksSetps.ts:6"
            },
            "result": {
              "status": "passed",
              "duration": 45125
            }
          },
          {
            "arguments": [],
            "keyword": "And ",
            "line": 33,
            "name": "I add a bookmark called 'Amazon' for 'www.amazon.co.uk' with shortcut 'a'",
            "match": {
              "location": "features/step_definitions/AddingBookmarksSetps.ts:14"
            },
            "result": {
              "status": "passed",
              "duration": 32207
            }
          },
          {
            "arguments": [],
            "keyword": "And ",
            "line": 34,
            "name": "I add a bookmark called 'Reddit' for 'www.reddit.com' with shortcut 'i'",
            "match": {
              "location": "features/step_definitions/AddingBookmarksSetps.ts:14"
            },
            "result": {
              "status": "passed",
              "duration": 30125
            }
          },
          {
            "arguments": [],
            "keyword": "When ",
            "line": 35,
            "name": "I validate amending this to be 'Apple' for url 'www.apple.com' with shortcut 'A'",
            "match": {
              "location": "features/step_definitions/AddingBookmarksSetps.ts:33"
            },
            "result": {
              "status": "passed",
              "duration": 27959
            }
          },
          {
            "arguments": [],
            "keyword": "Then ",
            "line": 36,
            "name": "this is valid",
            "match": {
              "location": "features/step_definitions/CheckingBookmarkSteps.ts:40"
            },
            "result": {
              "status": "passed",
              "duration": 12042
            }
          }
        ],
        "tags": [],
        "type": "scenario"
      },
      {
        "description": "",
        "id": "editing-bookmarks;adding-bookmark-for-conflicting-shortcut",
        "keyword": "Scenario",
        "line": 38,
        "name": "Adding bookmark for conflicting shortcut",
        "steps": [
          {
            "arguments": [],
            "keyword": "Given ",
            "line": 39,
            "name": "I have an empty list of bookmarks",
            "match": {
              "location": "features/step_definitions/AddingBookmarksSetps.ts:6"
            },
            "result": {
              "status": "passed",
              "duration": 33416
            }
          },
          {
            "arguments": [],
            "keyword": "And ",
            "line": 40,
            "name": "I add a bookmark called 'Amazon' for 'www.amazon.co.uk' with shortcut 'a'",
            "match": {
              "location": "features/step_definitions/AddingBookmarksSetps.ts:14"
            },
            "result": {
              "status": "passed",
              "duration": 44084
            }
          },
          {
            "arguments": [],
            "keyword": "And ",
            "line": 41,
            "name": "I add a bookmark called 'Reddit' for 'www.reddit.com' with shortcut 'i'",
            "match": {
              "location": "features/step_definitions/AddingBookmarksSetps.ts:14"
            },
            "result": {
              "status": "passed",
              "duration": 39541
            }
          },
          {
            "arguments": [],
            "keyword": "When ",
            "line": 42,
            "name": "I validate amending this to be 'Apple' for url 'www.apple.com' with shortcut 'a'",
            "match": {
              "location": "features/step_definitions/AddingBookmarksSetps.ts:33"
            },
            "result": {
              "status": "passed",
              "duration": 26999
            }
          },
          {
            "arguments": [],
            "keyword": "Then ",
            "line": 43,
            "name": "this states \"Shortcut 'a' already in use for Amazon\"",
            "match": {
              "location": "features/step_definitions/CheckingBookmarkSteps.ts:36"
            },
            "result": {
              "status": "passed",
              "duration": 17207
            }
          }
        ],
        "tags": [],
        "type": "scenario"
      }
    ],
    "id": "editing-bookmarks",
    "line": 1,
    "keyword": "Feature",
    "name": "Editing bookmarks",
    "tags": [],
    "uri": "features/ValidateBookmark.feature"
  }
]