[
  {
    "description": "",
    "elements": [
      {
        "description": "",
        "id": "example-feature;example-scenario",
        "keyword": "Scenario",
        "line": 3,
        "name": "Example scenario",
        "steps": [
          {
            "arguments": [],
            "keyword": "Given ",
            "line": 4,
            "name": "I have a setup",
            "result": {
              "status": "undefined",
              "duration": 0
            }
          },
          {
            "arguments": [],
            "keyword": "When ",
            "line": 5,
            "name": "I run the example",
            "result": {
              "status": "undefined",
              "duration": 0
            }
          },
          {
            "arguments": [],
            "keyword": "Then ",
            "line": 6,
            "name": "I expect a result",
            "result": {
              "status": "undefined",
              "duration": 0
            }
          }
        ],
        "tags": [],
        "type": "scenario"
      }
    ],
    "id": "example-feature",
    "line": 1,
    "keyword": "Feature",
    "name": "Example feature",
    "tags": [],
    "uri": "features/bookmarkCollection.feature"
  }
]