[
  {
    "description": "",
    "elements": [
      {
        "description": "",
        "id": "keyboard-shortcuts;shortcuts-can-contain-dynamic-placeholders",
        "keyword": "Scenario",
        "line": 32,
        "name": "Shortcuts can contain dynamic placeholders",
        "steps": [
          {
            "arguments": [],
            "keyword": "Given ",
            "line": 33,
            "name": "I have an empty list of bookmarks",
            "match": {
              "location": "features/step_definitions/AddingBookmarksSetps.ts:6"
            },
            "result": {
              "status": "passed",
              "duration": 435582
            }
          },
          {
            "arguments": [],
            "keyword": "And ",
            "line": 34,
            "name": "I add a bookmark called 'Amazon' for 'www.amazon.co.uk/item/{Item ID}/country/{Country Code}' with shortcut 'a'",
            "match": {
              "location": "features/step_definitions/AddingBookmarksSetps.ts:14"
            },
            "result": {
              "status": "passed",
              "duration": 382750
            }
          },
          {
            "arguments": [],
            "keyword": "When ",
            "line": 35,
            "name": "the extension is open and I press 'a'",
            "match": {
              "location": "features/step_definitions/KeyboardShortcuts.ts:7"
            },
            "result": {
              "status": "passed",
              "duration": 101583
            }
          },
          {
            "arguments": [],
            "keyword": "And ",
            "line": 36,
            "name": "I set placeholder 'Item ID' to '363'",
            "match": {
              "location": "features/step_definitions/KeyboardShortcuts.ts:16"
            },
            "result": {
              "status": "passed",
              "duration": 175041
            }
          },
          {
            "arguments": [],
            "keyword": "And ",
            "line": 37,
            "name": "I set placeholder 'Country Code' to 'GB'",
            "match": {
              "location": "features/step_definitions/KeyboardShortcuts.ts:16"
            },
            "result": {
              "status": "passed",
              "duration": 68792
            }
          },
          {
            "arguments": [],
            "keyword": "Then ",
            "line": 38,
            "name": "the URL is 'https://www.amazon.co.uk/item/363/country/GB'",
            "match": {
              "location": "features/step_definitions/KeyboardShortcuts.ts:12"
            },
            "result": {
              "status": "passed",
              "duration": 213250
            }
          }
        ],
        "tags": [],
        "type": "scenario"
      }
    ],
    "id": "keyboard-shortcuts",
    "line": 1,
    "keyword": "Feature",
    "name": "Keyboard Shortcuts",
    "tags": [],
    "uri": "features/KeyboardShortcut.feature"
  }
]